Tn,Th,Tc,Tr,Dn,D,Mn,M,C,N,A,H,IL12,IL10,IL6
18.91551818,0.180306808,0.001384897,0.120725223,13.04027755,0.498882234,6.767522908,7.386616125,6.56815023,0.034388221,93.82246784,1000,28,0,17
14.18681961,0.001458929,0.001458929,0.001458929,8.673440426,0.001458929,14.5096772,9.003159955,6.590514889,0.034505314,92.75786583,1182,0,0,0
10.84327846,0.014559286,2.398143443,0.146630154,11.10195578,0.466043914,9.302917832,8.559201497,6.738030174,0.035277645,85.66546073,1521,19,0,0
