Tn,Th,Tc,Tr,Dn,D,Mn,M,C,N,A,H,IL12,IL10,IL6
18.91551818,1.2880327836,4.2794616,0.269143779,14.39057051,0.498882234,26.56550849,19.64026643,83.60214974,0.43770759,101.5889434,1549,28,723,3481
