Mixture,Sample ID,Tn,Th,Tc,Tr,Dn,D,M,Mn,C,N,IL12,IL10,IL6,H,Ig,TIC,tumor_size,samples,A
sample17,sample17,10.843278459912876,0.014559285747829939,2.3981434430430935,0.14663015368658933,11.1019557780963,0.46604391429053194,8.559201497382421,9.302917831607218,6.738030174236988,0.035277644891293126,19,511,3327,1521,0,0.743887456,1,3,85.66546072753371
sample19,sample19,11.18574904371251,0.7485964342990344,0.23511085808850476,0.001455928574782994,11.901392739587557,0.001455928574782994,16.72822536474191,6.080938135872941,32.137575233563155,0.16825955619666572,3,566,3481,1549,0,0.814177686,4,3,93.76584886690405
sample21,sample21,17.73008784548643,0.001455928574782994,0.6088371948083392,0.001455928574782994,12.19168389812495,0.001455928574782994,6.448462518005425,6.8122543035960055,57.834452335756694,0.30279817976835965,0,349,1716,957,0,0.7605356379999999,7,3,87.59138709149099
sample23,sample23,10.898530850001109,1.2880327836041536,0.5522289782523524,0.001455928574782994,12.574527213458829,0.001455928574782994,7.217388979134013,13.965222495459106,83.28994225644317,0.43607299610703226,4,278,1490,779,0,0.807507244,10,3,92.99768631411825
