lambda_{T_hH},lamda_{T_hD},lambda_{T_hIL_{12}},lambda_{T_cD},lambda_{T_cIL_{12}},lambda_{T_rD},lambda_{DC},lambda_{DH},lambda_{MIL_{10}},lambda_{MIL_{12}},lambda_{MT_h},lambda_{C},lambda_{CIL_6},lambda_{CA},lambda_{A},lambda_{HD},lambda_{HN},lambda_{HM},lambda_{HT_c},lambda_{HC},lambda_{IL_{12}M},lambda_{IL_{12}D},lambda_{IL_{12}T_h},lambda_{IL_{12}T_c},lambda_{IL_{10}M},lambda_{IL_{10}D},lambda_{IL_{10}T_r},lambda_{IL_{10}T_h},lambda_{IL_{10}T_c},lambda_{IL_{10}C},lambda_{IL_6A},lambda_{IL_6M},lambda_{IL_6D},delta_{T_hT_r},delta_{T_hIL_{10}},delta_{T_h},delta_{T_cIL_{10}},delta_{T_CT_r},delta_{T_c},delta_{T_r},delta_{T_N},delta_{DC},delta_{D},delta_{D_N},delta_{M},delta_{M_N},delta_{CT_c},delta_{C},delta_{A},delta_{N},delta_{H},delta_{IL_{12}},delta_{IL_{10}},delta_{IL_6},A_{T_N},A_{D_N},A_{M},alpha_{NC},C_0,A_0
1.0766763434E-05,0.0002050149,1.0751275534E-05,0.0207941348,1.0123176472E-05,9.4549917124E-05,0.0014109582,1.0483753675E-05,1.3207698421E-05,1.0874886226E-05,2.4206468201E-05,0.0062734242,0.0002151364,0.0006046586,0.0024308086,0.0753100594,4.0154615629E-05,0.0005523394,0.0001818798,4.0154615629E-05,1.0603529448E-05,5.8559838655E-05,0.0083584484,0.0007152708,1.2339505895E-05,0.0002651834,0.0008436893,0.0011046286,1.0831347967E-05,1.0841904164E-05,0.0004108706,0.0001445779,0.0011120417,0.0414221425,1.0752676414E-05,1.1053460834E-05,1.033250358E-05,0.0161833421,1.01888324E-05,4.9935315805E-05,1.0473096797E-05,0.0001753035,0.3212479859,0.000011051,1.023842833E-05,0.0002848934,9.9662512569E-05,0.0032019104,0.0013118836,0.0032790711,0.0012351648,0.0107445839,0.0011689119,0.0013307341,0.0001444239,0.0005877299,4.1503853762E-05,1.5,2,2
